[{"data": {}, "name": "laws"}, {"data": [[{"id": 8}, {"lawid": 1}, {"partschedule": ""}, {"title": "8.\tVesting of estate of intestate between death and grant of administration"}, {"body": "(1)\tWhere a person dies intestate and administration is granted under this Law in respect of his estate, that estate shall be deemed to have been vested from the date of his death until administration is granted by the Chief Judge of the State.\n\n(2)\tThe Chief Judge may, if satisfied that the undue delay in applying for a grant of administration is occasioned by the inability on the part of the beneficiaries to pay the requisite duties, fees and taxes charged on the estate, make an order for the disbursement of funds out of the estate so vested in him by virtue of subsection (1) of this section for the purpose of making such payments."}, {"postdate": "2017-03-25 10:05"}, {"updatedate": "2017-03-25 10:05"}, {"part": "PART III"}], [{"id": 18}, {"lawid": 1}, {"partschedule": ""}, {"title": "18.\tCaveat"}, {"body": "A caveat against a grant of probate or administration may be entered in the probate registry of the court."}, {"postdate": "2017-03-25 10:05"}, {"updatedate": "2017-03-25 10:05"}, {"part": "PART IV"}], [{"id": 28}, {"lawid": 1}, {"partschedule": ""}, {"title": "28.\tTransfer by executor or administrator to Administrator-General"}, {"body": "(1)\tAny executor or administrator other than the Administrator-General may, with the previous consent of the Administrator-General by instrument in writing under his hand, published in the State Gazette, transfer the assets of the estate vested in him by virtue of a grant of probate or letters of administration to the Administrator-General by that name.\n\n(2)\tAs from the date of such transfer, the transferor shall be exempt from all liability as such executor or administrator, as the case may be, except in respect of acts or omissions done, or committed before the date of such transfer."}, {"postdate": "2017-03-25 10:05"}, {"updatedate": "2017-03-25 10:05"}, {"part": "PART IV"}], [{"id": 38}, {"lawid": 1}, {"partschedule": ""}, {"title": "38.\tEffect of assent or disposition of transfer by personal representative"}, {"body": "(1)\tA personal representative may assent to the vesting in any person who (whether by disposition under a will, devolution, appropriation or otherwise) may be entitled thereto either beneficially or as a trustee or personal representative, of any estate or interest in land to which the testator or intestate was entitled or over which he exercised a general power of appointment by his will, and which devolved upon the personal representative.\n\n(2)\tThe assent shall operate to vest in that person the estate or interest to which the assent relates, and, unless a contrary intention appears, the assent shall relate back to the death of the deceased.\n\n(3)\tThe statutory covenants implied by a person being expressed to convey as personal representative may be implied in an assent in like manner as in a conveyance by deed.\n \n(4)\tAn assent to the vesting of a legal estate shall be in writing, signed by the personal representative and shall name the person in whose favour it is given and shall operate to vest in that person the legal estate to which it relates; and an assent not in writing or not in favour of a named person shall not be effectual to pass a legal estate.\n\n(5)\tAny person in whose favour an assent or transfer of a legal estate is made by a personal representative may require that notice of the assent or transfer be written or endorsed on or permanently annexed to the probate or letters of administration, at the cost of the estate of the deceased, and that the probate or letters of administration be produced, at the like cost, to prove that the notice has been placed thereon or annexed thereto.\n\n(6)\tA statement in writing by a personal representative that he has not given or made an assent or transfer in respect of a legal estate, shall, in favour of a purchaser, but without prejudice to any previous disposition made in favour of another purchaser deriving title mediately or immediately under the personal representative, be sufficient evidence that an assent or transfer has not been given or made in respect of the legal estate to which the statement relates, unless notice of a previous assent or transfer affecting that estate has been placed on or annexed to the probate or administration.\n\n(7)\tA transfer by a personal representative of a legal estate to a purchaser accepted on the faith of such a statement shall (without prejudice as aforesaid and unless notice of a previous assent or transfer affecting that estate has been placed on or annexed to the probate or administration) operate to transfer or create the legal estate expressed to be transferred in like manner as if no previous assent or transfer has been made by the personal representative.\n\n(8)\tA personal representative making a false statement, in regard to any such matter, shall be liable in like manner as if the statement had been contained in a statutory declaration.\n\n(9)\tAn assent or transfer by a personal representative in respect of a legal estate shall, in favour of a purchaser, unless notice of a previous assent or transfer affecting that legal estate has been placed on or annexed to the probate or administration, be taken as sufficient evidence that the person in whose favour the assent or transfer is given or made is the person entitled to have the legal estate transferred to him, and upon the proper trusts, if any, but shall not otherwise prejudicially affect the claim of any person rightfully entitled to the estate vested or transferred or any charge thereon.\n\n(10)\tA transfer of a legal estate by a personal representative to a purchaser shall not be invalidated by reason only that the purchaser may have notice that all the debts, liabilities, funeral, and testamentary or administration expenses, duties, and legacies of the deceased have been discharged or provided for.\n\n(11)\tAn assent or transfer given or made by a personal representative shall not, except in favour of a purchaser of a legal estate, prejudice the right of the personal representative or any other person to recover the estate or interest to which the assent or transfer relates, or to be indemnified out of such estate or interest against any duties, debt, or liability to which such estate or interest would have been subject if there had not been any assent or transfer.\n\n(12)\tA personal representative may, as a condition of giving an assent or making a transfer, require security for the discharge of any such duties, debt, or liability, but shall not be entitled to postpone the giving of an assent merely by reason of the subsistence of any such duties, debt or liability if reasonable arrangements have been made for discharging the same; and an assent may be given subject to any legal estate or charge by way of legal mortgage.\n\n(13)\tThis section shall not operate to impose any stamp duty in respect of an assent, and in this section \"purchaser\" means a purchaser for money or money's worth.\n\n(14)\tThis section applies to assents and transfers made after the commencement of this Law whether the testator or intestate died before or after such commencement."}, {"postdate": "2017-03-25 10:05"}, {"updatedate": "2017-03-25 10:05"}, {"part": "PART V"}], [{"id": 48}, {"lawid": 1}, {"partschedule": ""}, {"title": "48.\tStatutory trusts in favour of issue and other classes of relatives of intestate"}, {"body": "(1)\tWhere under this Part of this Law the residuary estate of an intestate, or any part thereof, is directed to be held on the statutory trusts for the issue of the intestate, the same shall be held upon the following trusts, namely:\n\n(a) \tin trust, in equal shares if more than one, for all or any of the children or child at the intestate, living at the death of the intestate, and for all or any of the issue living at the death of the intestate, of any child of the intestate who predeceases the intestate, such issue to take through all degrees, according to their stocks, in equal shares if more than one, the share which their parent would have taken if living at the death of the intestate, and so that no issue shall take whose parent is living at the death of the intestate and so capable of taking;\n \n(b)\tthe interest of a person entitled to the residuary estate or a share thereof under this subsection shall vest in him absolutely on his attaining the age of eighteen years or marrying under that age, and shall be contingent if he is below that age and unmarried;\n\n(c)\tall persons having an interest, whether absolute or contingent, in the residuary estate under subsection (1) of this section shall, until that estate is distributed, be entitled to the income accruing therefrom in proportion to their respective rights;\n\n(d)\twhen an infant marries such infant shall be entitled to give valid receipts for the income of the infant's share or interest;\n\n(e)\twhere the property held on the statutory trusts for issue is divisible into shares, then any money or property which, by way of advancement or on the marriage of a child of the intestate, has been paid to such child by the intestate or settled by the intestate for the benefit of such child (including any life or less interest and including property covenanted to be paid or settled) shall, subject to any contrary intention expressed or appearing from the circumstances of the case, be taken as being so paid or settled in or towards satisfaction of the share of such child or the share which such child would have taken if living at the death of the intestate, and shall be brought into account, at a valuation (the value to be reckoned as at the death of the intestate), in accordance with the requirements of the personal representatives;\n\n(f) \tthe personal representatives may permit any infant contingently interested to have the use and enjoyment of any personal effects in such manner and subject to such conditions (if any) as the personal representatives may consider reasonable, and without being liable to account for any consequential loss.\n\n(2)\tIf the trusts in favour of the issue of the intestate fail by reason of no child or other issue attaining an absolutely vested interest\u0097\n\n(a)\tthe residuary estate of the intestate and the income thereof and all accumulation, if any, of the income thereof, or so much thereof as may not have been paid or applied under any power affecting the same, shall go devolve and be held under the provisions of this Part of this Law as if the intestate had died without leaving issue living at the death of the intestate;\n\n(b)\treferences in this Part of this Law to the intestate \"leaving no issue\" shall be construed as \"leaving no issue who attain an absolutely vested interest\";\n\n(c)\treferences in this part of this Law to the intestate \"leaving issue\" or \"leaving a child or other issue\" shall be construed as \"leaving issue who attain an absolutely vested interest\".\n\n(3)\tWhere under this Part of this Law the residuary estate of an intestate or any part thereof is directed to be held on the statutory trusts for any class of relatives of the intestate, other than issue of the intestate, the same shall be held on trusts corresponding to the statutory trusts for the issue of the intestate (other than the provisions for bringing any money or property into account) as if such trusts (other than as aforesaid) were repeated with the substitution of references to the members or member of that class for references to the children or child of the intestate.\n \n(4)\tReferences in paragraph (a) of subsection (1) of the last foregoing section to the intestate leaving, or not leaving, a member of the class consisting of brothers or sisters of the whole blood of the intestate shall be construed as references to the intestate leaving, or not leaving, a member of that class who attains an absolutely vested interest.\n\n(5)\tIt is hereby declared that, where the trusts in favour of any class of relatives of the intestate, other than issue of the intestate fail by reason of no member of the class attaining an absolutely vested interest, the residuary estate of the intestate and the income thereof and all accumulations, if any, of the income thereof, or so much thereof as may not have been paid or applied under any power affecting the same, shall by virtue of subsections (2) and (3) of this section go, devolve and be held under the provisions of this Part of this Law, as if the intestate had died without leaving any member of that class living at the death of the intestate."}, {"postdate": "2017-03-25 10:05"}, {"updatedate": "2017-03-25 10:05"}, {"part": "PART VI"}], [{"id": 58}, {"lawid": 1}, {"partschedule": ""}, {"title": "58.\tInterpretation"}, {"body": "(1)\tIn this Law\u0097\n\n\"administration\" means with reference to the estate of a deceased person, letters of administration, whether general or limited or with the will annexed or otherwise;\n\n\"administrator\" means a person to whom administration is granted;\n\n\"charge by way of legal mortgage\" has the same meaning as in the Property and Conveyancing Law;\n\n\"court\" means the High Court;\n\n\"income\" includes rents and profits;\n\n\"intestate\" includes a person who leaves a will but dies intestate as to some beneficial interest in his estate;\n\n\"legal estates\" mean the estates, charges and interests in or over land (subsisting or created at law) which are by statute authorised to subsist or to be created at law; and \"equitable interests\" mean all other interests and charges in or over land or in the proceeds of sale thereof;\n\n\"lunatic\" includes a lunatic whether so found or not;\n\n\"monogamous marriage\" has the meaning assigned to it under the Interpretation\nLaw;\n\n\n\"pecuniary legacy\" includes an annuity, a general legacy, a demonstrative legacy so far as it is not discharged out of the designated property, and any other general direction by a testator for the payment of money, including all death duties free from which any devise, bequest, or payment is made to take effect;\n \n\"personal effects\" mean carriages, horses, stable furniture, and effects (not used for business purposes), motorcars and accessories (not used for business purposes), garden effects, domestic animals, plated articles, linen, china, glass, books, pictures, prints, furniture, jewellery, articles of household or personal use or ornament, musical and scientific instruments and apparatus, wines, liquor and consumable stores, but do not include any chattels used at the death of the intestate for business purposes nor money or securities for money;\n\n\"personal representative\" means the executor, original or by representation, or administrator for the time being of a deceased person;\n\n\"possession\" includes the receipt of rents and profits or the right to receive the same, if any;\n\n\"prescribes\" means prescribed by Rules of Court or by probate rules made pursuant to this Law;\n\n\"probate\" means the probate of a will;\n\n\"probate rules\" means rules and orders made by the Military Governor for regulating the procedure and practice of the High Court in regard to non-contentious or common form probate business;\n\n\"property\" includes a thing in action and any interest in land;\n\n\"purchaser\" means a lessee, mortgagee or other person who in good faith acquires an interest in property for \"valuable consideration\" including marriage, but does not include a nominal consideration in money;\n\n\"representation\" means the probate of a will and administration, and the expression \"taking out representation\" refers to the obtaining of the probate of a will or of the grant of administration;\n\n\"rent\" includes an annual or periodical payment in money or money's worth, issuing out of or charged upon land, but does not include mortgage interest;\n\n\"Rules of Court\" include, in relation to non-contentious or common form probate business, probate rules;\n\n\"securities\" includes stocks, funds, or shares;\n\n\"statutory trust\" means a trust created by operation of law under this Law;\n\n\"transfer\" includes a mortgage, charge by way of legal mortgage, lease, assignment, assent, vesting declaration, disclaimer, release and every other assurance of property or of an interest therein by any instrument, except a will, and \"convey\" has a corresponding meaning and \"disposition\" includes a disposition under a will and an appointment of property contained in a will, and \"dispose of\" has a corresponding meaning;\n\n\"trust corporation\" means the public trustee or a corporation either appointed by the court in any particular case to be a trustee or entitled by rules made under the Public Trustee Law to act as custodian trustee;\n\n\"trust for sale\" in relation to land, means an immediate binding trust for sale, whether or not exercisable at the request or without a power of discretion to postpone the sale; and \"power to postpone a sale\" means power to postpone in the exercise of a discretion;\n\n\"will\" includes codicil.\n\n(2)\tReference to a child or issue living at the death of any person shall include a child whose paternity has been acknowledged in accordance with any Customary Law applicable in Nigeria, a child adopted whether before or after the commencement of this Law in pursuance of an adoption order made under any statute in force in Nigeria or in any other country, a child en ventre sa mere at the death, and a child legitimated under the Legitimacy Law.\n\n\n\n(3)\tReference to the estate of a deceased person includes property over which the deceased exercises a general power or appointment by his will."}, {"postdate": "2017-03-25 10:05"}, {"updatedate": "2017-03-25 10:05"}, {"part": "PART VII"}], [{"id": 68}, {"lawid": 2}, {"partschedule": ""}, {"title": "8.\tInterim order"}, {"body": "(1)\tSubject to the other provisions of this section, the court may, upon any application for an Adoption Order postpone the determination of the application and make an interim order giving the custody of the juvenile to the applicant for a period not exceeding two years by way of a probationary period upon terms as the court thinks fit as regards provision for the maintenance, education and supervision of the juvenile and otherwise.\n \n(2)\tThe court shall impose as conditions under subsection (1) of this section thus\u0097\n\n(a)\tthat the juvenile shall be under the supervision of such Welfare Officer as the Commissioner may appoint; and\n\n(b)\tthat the juvenile shall not be taken out of the State without the consent of the court.\n\n\n(3)\tThe consent to the making of an Adoption Order which is required under section 6 of this Law shall be required for the making of an interim order, and the power of the court to dispense with any such consent shall apply in the case of an interim order as it applies in the case of an Adoption Order.\n\n(4)\tAn interim order shall not be made in any case where the making of an Adoption Order would be unlawful under section 5 of this Law.\n\n(5)\tAn interim order shall not be deemed to be an Adoption Order within the meaning of this Law."}, {"postdate": "2017-03-25 10:05"}, {"updatedate": "2017-03-25 10:05"}, {"part": ""}], [{"id": 78}, {"lawid": 2}, {"partschedule": ""}, {"title": "18.\tAdopted Children Register"}, {"body": "(1)\tThe Chief Registrar shall establish and maintain a register to be known as the Adopted Children Register in which shall be made such entries as may be directed by an Adoption Order to be made therein, but no other entries.\n\n(2)\tIf upon any application to the court for an Adoption Order there is proved to the satisfaction of the court\u0097\n\n(a)\tthe date of the birth of the juvenile; and\n\n(b)\tthe identity of the juvenile with a child to whom any entry in the Register of Births relates,\n\nthe Adoption Order shall contain a further direction to the Chief Registrar to cause that birth entry in the Register of Births to be marked \"Adopted\" and to include in the entry relating to the adoption of the juvenile's birth in the manner specified in the Schedule hereto.\n\n\n\n(3)\tWhere an Adoption Order is made in respect of a juvenile who had been the subject of a previous Adoption Order made by the court under this Law, the Order shall contain a direction to the Chief Registrar to cause the previous entry in the Adopted Children Registrar in respect of that juvenile to be marked \"Re-adopted\".\n\n(4)\tThe Court shall cause a copy of every Adoption Order to be communicated to the Chief Registrar and upon receipt thereof the Chief Registrar shall comply with the direction contained therein.\n\n(5)\tA certified copy of an entry in the Adopted Children Register if stamped or sealed with the seal of the Chief Registrar's office shall be proof of such adoption as is therein specified and where the copy of the entry includes the date of the birth of the juvenile to whom it relates, it shall be proof also of such date without any further evidence as though the same were also a certified copy of an entry in the Register of Births.\n \n(6)\tThe Chief Registrar shall cause an index of the Adopted Children Register to be made and kept in the registry.\n\n(7)\tThe Chief Registrar in addition to the Adopted Children Register and the index thereof shall keep such other registers and books and make such entries therein as it may be necessary to record and the connection between any entry in the Register of Births which has been marked \"Adopted\" or \"Re-adopted\" and any corresponding entry in the Adopted Children Register.\n\n(8)\tAny such registers or books as are mentioned in subsection (7) of this section or any index thereof (if any) shall not be liable to searches by members of the public nor shall the Chief Registrar make a certified copy thereof or furnish any information therein contained to any person except under an order made by a court.\n\n(9)\tUpon the revocation of any Adoption Order, the court shall cause the fact of the revocation to be communicated to the Chief Registrar who shall cause same to be cancelled\u0097\n\n(a)\tthe entry in the Adopted Children Register relating to the adopted person; and\n\n(b)\tthe marking with the word \"Adopted\" or \"Re-adopted\" of any entry relating to him, in the Register of Births.\n\n(10)\tA copy or extract of an entry in any register, being an entry the marking of which is cancelled under this section, shall be deemed to be an accurate copy, if and only if, both the marking and the cancellation are omitted therefrom."}, {"postdate": "2017-03-25 10:05"}, {"updatedate": "2017-03-25 10:05"}, {"part": ""}], [{"id": 88}, {"lawid": 3}, {"partschedule": ""}, {"title": "3.\tEstablishment and membership"}, {"body": "(1)\tThere is hereby established in the State a body called the Board of Internal Revenue (hereinafter referred to as \"the Board\") which shall be a body corporate with perpetual succession and a common seal and shall have power to sue or be sued in its corporate name.\n(2)\tThe Board shall consist of\u0097\n(a)\tthe Chairman, Board of Internal Revenue, who shall be the Chairman and the Chief Executive of the Board;\n[KWS 6 of 1987.]\n(b)\tthe Director of Revenue who shall be the Deputy Chairman of the Board;\n(c)\ta representative of the Ministry of Finance and Economic Development;\n(d)\ta representative of the Ministry of Justice, not below the rank of Senior State Counsel;\n(e)\ta representative of the Ministry of Commerce and Co-operatives, not below the rank of Principal Commercial Officer;\n(f)\ta representative of the Ministry of Finance and Economic Development, Statistics Division, not below the rank of Principal Statistician;\n(g)\tthe Secretary of the State Tenders Board; and\n(h)\ttwo members of the public, not being persons in the civil service, appointed by the Governor to represent the interests of the community.\n[No. 4 of 2006.]\n(3)\tMembers of the Board not being ex officio members shall be paid such remuneration or allowance as may be determined by the Commissioner."}, {"postdate": "2017-03-25 10:05"}, {"updatedate": "2017-03-25 10:05"}, {"part": ""}], [{"id": 98}, {"lawid": 3}, {"partschedule": ""}, {"title": "13.\tMeetings and procedure"}, {"body": "(1)\tThe Board may hold such and so many meetings as may be necessary for the due fulfilment of its functions so, however, that it shall hold at least one meeting in every three months.\n(2)\tAll meetings of the Board shall be summoned at the direction of the Chairman or, in his absence, the Deputy Chairman, as and when required.\n(3)\tThe Chairman shall preside over all meetings of the Board, but in the event of his absence, the Deputy Chairman shall preside.\n(4)\tThe validity of any proceedings of the Board shall not be affected by any vacancy in its membership or by any defect in the appointment of a member.\n(5)   Subject to the provisions of this Law, the Board may regulate its own proceedings."}, {"postdate": "2017-03-25 10:05"}, {"updatedate": "2017-03-25 10:05"}, {"part": ""}], [{"id": 108}, {"lawid": 5}, {"partschedule": ""}, {"title": "3.\tApplication of the common law and doctrines of equity"}, {"body": "From and after the commencement of this Law and subject to the provisions of any written law, the common law and the doctrines of equity shall continue to be in force throughout the State."}, {"postdate": "2017-03-25 11:28"}, {"updatedate": "2017-03-25 11:28"}, {"part": ""}], [{"id": 118}, {"lawid": 6}, {"partschedule": ""}, {"title": "8.\tPenalties"}, {"body": "Any person contravening any of the provisions of this Law shall be guilty of an offence and shall be liable on summary conviction to a fine of two thousand naira or to imprisonment for three months or to both."}, {"postdate": "2017-03-25 11:28"}, {"updatedate": "2017-03-25 11:28"}, {"part": ""}], [{"id": 128}, {"lawid": 7}, {"partschedule": ""}, {"title": "10.\tPower of designated officer to enter premises and obtain information"}, {"body": "(1)\tFor the purpose of this Law, a designated officer\u0097\n\n(a)\tshall have a right of access at any time during normal working hours to a Day Care Centre and to any building or other premises of such Day Care Centre;\n(a)\tmay, by notice in writing serve on any proprietor of a Day Care Centre, require that person to furnish in such form as he may direct information on such matters as may be specified by him.\n(1)\tAny person required to furnish returns pursuant to subsection (1) (b) of this section shall within one month from the date of the notice comply with the notice."}, {"postdate": "2017-03-25 11:28"}, {"updatedate": "2017-03-25 11:28"}, {"part": ""}]], "name": "sections"}]