[{"data": [[{"id": 4}, {"title": "CHAPTER B3 - BOY SCOUTS ASSOCIATION LAW"}, {"number": "[NN 1963, Cap. 16. No. 4 of 2006.J"}, {"date": "27th July, 1922"}, {"description": "A Law to further and protect the activities and interests of the Boy Scouts Association."}, {"postdate": "2017-06-02 06:33"}, {"updatedate": "2017-06-02 06:33"}, {"cover": "\nARRANGEMENT OF SECTIONS\n\nSECTION\n1.\tShort title.\n2.\tInterpretation.\n3.\tRestriction on use of uniform of Boy Scouts Association.\n4.\tRestriction on sale of boy scouts uniform and emblems.\n5.\tProhibition on sale of articles resembling boy scouts uniform and emblems.\n6.\tPersonation by boy scouts of public servant.\n7.\tNo person falsely to claim connection with the Boy Scouts Association.\n8.\tPenalties.\n"}, {"weightindex": 0}]], "name": "laws"}, {"data": [[{"id": 4}, {"lawid": 2}, {"partschedule": ""}, {"title": "1.\tShort title"}, {"body": "This Law may be cited as the Advisory Council on the Prerogative of Mercy Law."}, {"postdate": "2017-06-02 06:33"}, {"updatedate": "2017-06-02 06:33"}, {"part": ""}, {"weightindex": 0}], [{"id": 14}, {"lawid": 3}, {"partschedule": ""}, {"title": "5.\tSaving as to Islamic law, customary law, area courts and customary courts"}, {"body": "Nothing in this Law shall affect the provisions of any law relating to the right of the High Court or Magistrates' Courts to observe or enforce the observance of any existing Islamic law or customary law nor shall it affect the jurisdiction of, or the Law, to be administered by any Sharia Court of Appeal, area court, customary court of appeal or customary court established within the State."}, {"postdate": "2017-06-02 06:33"}, {"updatedate": "2017-06-02 06:33"}, {"part": ""}, {"weightindex": 4}], [{"id": 24}, {"lawid": 6}, {"partschedule": ""}, {"title": "2.\tInterpretation"}, {"body": "In this Law, unless the context otherwise requires\u00e2\u0080\u0094\n\"Commissioner\" means the State Commissioner charged with responsibility for Social Welfare matters;\n\"Day Care Centre\" means a premises or place approved by the Commissioner for use for the day to day care of children in accordance with the provisions of this Law;\n\"Governor\" means the Governor of the State;\n\"proprietor\" means the person who is or who holds himself out to be the owner of a Day Care Centre, or the person using premises for the purpose of a Day Care Centre, or any person who derives or is entitled to any profits or similar benefits from the business of any such Day Care Centre; and includes the person recognised as proprietor immediately before the coming into force of this Law; and references to persons herein include, where applicable, references to bodies corporate, firms, trustees or any other association of individuals;\n\"Ministry\" means the Ministry charged with the responsibility for Social Welfare;\n                                        [No. 4 of 2006.]\n\"State\" means the Kwara State of Nigeria."}, {"postdate": "2017-06-02 06:33"}, {"updatedate": "2017-06-02 06:33"}, {"part": ""}, {"weightindex": 1}], [{"id": 34}, {"lawid": 6}, {"partschedule": ""}, {"title": "12.\tOffences by bodies corporate"}, {"body": "Where an offence under this Law is committed by a body corporate, firm or other association of individuals\u00e2\u0080\u0094\n(a)\tevery director, manager, secretary or other similar officer of the body corporate;\n(a)\tevery trustee of the body concerned;\n(a)\tevery person concerned in the management of the affairs of the association; or\n(a)\tevery person who was purporting to act in any such capacity as aforesaid,\nshall severally be guilty of that offence and liable to be proceeded against and punished for that offence in like manner as if he had himself committed the offence, unless he proves that the act or omission constituting the offence took place without his knowledge, consent or connivance."}, {"postdate": "2017-06-02 06:33"}, {"updatedate": "2017-06-02 06:33"}, {"part": ""}, {"weightindex": 11}]], "name": "sections"}]