[{"data": {}, "name": "laws"}, {"data": [[{"id": 9}, {"lawid": 2}, {"partschedule": ""}, {"title": "6.\tRemuneration"}, {"body": "There shall be paid to the members of the Council (not being ex officio members) such remuneration and allowances as the Governor may determine."}, {"postdate": "2017-06-02 06:33"}, {"updatedate": "2017-06-02 06:33"}, {"part": ""}, {"weightindex": 5}], [{"id": 19}, {"lawid": 4}, {"partschedule": ""}, {"title": "5.\tProhibition on sale of articles resembling boy scouts uniform and emblems"}, {"body": "No person may sell or attempt to sell or offer for sale or hire or attempt to hire any article which so closely resembles any uniform, badge, token or emblem which under the by-laws of the Association has been adopted for use by a boy scout, as in the opinion of the court may make a person believe that such article is such a uniform, badge, token or emblem."}, {"postdate": "2017-06-02 06:33"}, {"updatedate": "2017-06-02 06:33"}, {"part": ""}, {"weightindex": 4}], [{"id": 29}, {"lawid": 6}, {"partschedule": ""}, {"title": "7.    Opening and closing of branches"}, {"body": "Every proprietor of a Day Centre shall inform the Commissioner of\u00e2\u0080\u0094\n(a)    any proposal to open or close branches thereof anywhere in the State;\n(b)\tany proposed agreement or arrangement for any sale or disposal of its business by amalgamation or otherwise;\n(c)\tany proposal for re-organisation,\nand the Commissioner may take such decision as he thinks appropriate in the circumstances."}, {"postdate": "2017-06-02 06:33"}, {"updatedate": "2017-06-02 06:33"}, {"part": ""}, {"weightindex": 6}], [{"id": 39}, {"lawid": 7}, {"partschedule": ""}, {"title": "4.\tVariation and rescission of orders"}, {"body": "(1) The Governor may by order under his hand vary or rescind any order made under subsection (1) of section 2 or any order of removal made under subsection (3) of the said section, or, without varying or rescinding any such order, may grant permission in writing to the person who is the subject of the order\u00e2\u0080\u0094\n (a)\tin the case of an order made under subsection (1) of section 2, to return for a temporary purpose to the area and any other part of the State adjacent thereto specified in the order or to proceed to any portion of such area or part; and\n(b)\tin the case of an order made under subsection (3) of section 2, to leave for a temporary purpose the part of the State within which he is by the order required to remain for some other part named in such permission.\n(2) Such permission may be granted subject to such conditions as to the Governor may seem proper, and if such person shall fail to comply with any of the conditions he shall be deemed to have contravened the order made under subsection (1) of section 2 or the order of removal made under subsection (3) of the said section, as the case may be."}, {"postdate": "2017-06-02 06:33"}, {"updatedate": "2017-06-02 06:33"}, {"part": ""}, {"weightindex": 3}]], "name": "sections"}]