[{"data": {}, "name": "laws"}, {"data": [[{"id": 8}, {"lawid": 2}, {"partschedule": ""}, {"title": "5.\tFunctions of the Council"}, {"body": "(1)\tThe functions of the Council shall be to advise the Governor on the exercise of the Prerogative of Mercy conferred upon him by section 212 (1) of the Constitution of the Federal Republic of Nigeria.\n[No. 4 of 2006.1\n\n(2)\tWhere any person who has been concerned with or convicted of an offence created by any Law of the State is to be considered for the exercise of the Governor's Prerogative of Mercy, the Attorney-General shall cause a written report of the case from the trial Judge, the prison, medical and local reports together with such other information derived from the record of the case or elsewhere as the Attorney-General may require, to be taken into consideration at a meeting of the Council.\n\n(3)\tSubject to the foregoing provisions of this section, the Council shall have the power to determine its quorum and regulate its own proceedings.\n\n(4)\tThe validity of any proceedings of the Council shall not be affected by\u00e2\u0080\u0094\n\n(a)\tany vacancy in its membership; or\n\n(b)\tany defect in the appointment of a member; or\n\n(c)\tthe fact that a person not entitled to do so took part in the proceedings of the Council."}, {"postdate": "2017-06-02 06:33"}, {"updatedate": "2017-06-02 06:33"}, {"part": ""}, {"weightindex": 4}], [{"id": 18}, {"lawid": 4}, {"partschedule": ""}, {"title": "4.\tRestriction on sale of boy scouts uniform and emblems"}, {"body": "No person except the Association or a person authorised by the Association may sell or attempt to sell or offer for sale or hire or attempt to hire any uniform, badge, token or emblem which under the by-laws or rules of the Association has been adopted for use by a boy scout."}, {"postdate": "2017-06-02 06:33"}, {"updatedate": "2017-06-02 06:33"}, {"part": ""}, {"weightindex": 3}], [{"id": 28}, {"lawid": 6}, {"partschedule": ""}, {"title": "6.\tPower to vary or revoke registration or impose conditions thereon"}, {"body": "(1)\tThe Commissioner may at any time by order vary or revoke any of the conditions of a certificate of registration or impose such conditions or additional conditions as he may deem necessary.\n(2)\tWhere the Commissioner proposes to vary, revoke or impose conditions in accordance with subsection (1) of this section, he shall before exercising such power give notice of his intention to the proprietor of the Day Care Centre concerned and shall afford him an opportunity of making representations to him and to submit reasons why the order should not be given.\n(3)\tAny proprietor of a Day Care Centre who fails to comply with any order given under subsection (1) of this section shall be guilty of an offence and be liable upon conviction to a fine of five thousand naira or imprisonment for a term not exceeding six months and to a fine of five hundred naira for each day during which the conditions are, or any of them is, not further complied with."}, {"postdate": "2017-06-02 06:33"}, {"updatedate": "2017-06-02 06:33"}, {"part": ""}, {"weightindex": 5}], [{"id": 38}, {"lawid": 7}, {"partschedule": ""}, {"title": "3.\tAppeal"}, {"body": "A person served with an order of removal under section 2 may, within thirty days of the service of the order upon him, appeal against the order to a court presided over by a magistrate and may put in issue the question whether the order was necessary for the re-establishment or maintenance of peace, order and good government in the area from which he is excluded:\nProvided that no such appeal may be made unless prior to making the appeal such person has complied with the terms of the order and continues to comply therewith during the pendency of the appeal or any further appeal."}, {"postdate": "2017-06-02 06:33"}, {"updatedate": "2017-06-02 06:33"}, {"part": ""}, {"weightindex": 2}]], "name": "sections"}]