[{"data": [[{"id": 1}, {"title": "CHAPTER A2 - ADMINISTRATION (REAL ESTATE) LAW"}, {"number": "[NN 1963, Cap. 1.]"}, {"date": "17th May, 1917"}, {"description": ""}, {"postdate": "2017-06-02 06:33"}, {"updatedate": "2017-06-02 06:33"}, {"cover": "ARRANGEMENT OF SECTIONS\n\nSECTION\n\n1.\tShort title.\n\nReal Estate \n\n2.\tIn case of intestacy real estate to be administered as personal estate.\n3.\tIn granting administration court to have regard to heir-at-law.\n"}, {"weightindex": 0}]], "name": "laws"}, {"data": [[{"id": 1}, {"lawid": 1}, {"partschedule": ""}, {"title": "1.\tShort title"}, {"body": "This Law may be cited as the Administration (Real Estate) Law."}, {"postdate": "2017-06-02 06:33"}, {"updatedate": "2017-06-02 06:33"}, {"part": ""}, {"weightindex": 0}], [{"id": 11}, {"lawid": 3}, {"partschedule": ""}, {"title": "2.\tInterpretation"}, {"body": "In this Law\u00e2\u0080\u0094\n\n\"common law and the doctrines of equity\" means the principles of common law and the doctrines of equity as they obtain and are being developed in Nigeria;\n\n\"Imperial Act\" means any statute enacted by the Parliament of England, the Parliament of Great Britain, the Parliament of the United Kingdom of Great Britain and Ireland or the Parliament of the United Kingdom of Great Britain and Northern Ireland."}, {"postdate": "2017-06-02 06:33"}, {"updatedate": "2017-06-02 06:33"}, {"part": ""}, {"weightindex": 1}], [{"id": 21}, {"lawid": 4}, {"partschedule": ""}, {"title": "7.\tNo person falsely to claim connection with the Boy Scouts Association"}, {"body": "It shall not be lawful for any person to form, organise or work in connection with, or be concerned in forming, organising or work in connection with any corps or body which without due authority granted under the Royal Charter of the Association claim or purport to be boy scouts or otherwise to be connected with the Association or which hold themselves out as, or pass themselves off as, boy scouts or as otherwise connected with the Association."}, {"postdate": "2017-06-02 06:33"}, {"updatedate": "2017-06-02 06:33"}, {"part": ""}, {"weightindex": 6}], [{"id": 31}, {"lawid": 6}, {"partschedule": ""}, {"title": "9.\tPenalties for setting up illegal Day Care Centre, etc."}, {"body": "Any person who sets up any Day Care Centre or, as the case may be, runs any Day Care Centre in the State otherwise than in compliance with the provisions of this Law shall be guilty of an offence and shall be liable on conviction to a fine of fifty thousand naira or to imprisonment for two years or to both such fine and imprisonment."}, {"postdate": "2017-06-02 06:33"}, {"updatedate": "2017-06-02 06:33"}, {"part": ""}, {"weightindex": 8}]], "name": "sections"}]