[{"data": [[{"id": 6}, {"title": "CHAPTER D1 - DAY CARE CENTRE (REGISTRATION AND OTHER MISCELLANEOUS PROVISIONS) LAW"}, {"number": "[KWS 7A of 1985, No. 4 of 2006.]"}, {"date": "20th May, 1985"}, {"description": "A Law to register and regulate the operations of day care centres in the State."}, {"postdate": "2017-06-02 06:33"}, {"updatedate": "2017-06-02 06:33"}, {"cover": "\nARRANGEMENT OF SECTIONS\n\nSECTION\n\nL\tShort title.\n2.\tInterpretation.\n3.\tDay Care Centre to register.\n4.\tProcedure for registration.\n5.\tName of Day Care Centre to be published.\n6.\tPower to vary or revoke registration or impose conditions thereon.\n7.\tOpening and closing of branches.\n8.\tCancellation of certificates.\n9.\tPenalties for setting up illegal Day Care Centre, etc.\n10.\tPower of designated officer to enter premises and obtain information\n11.\tOffences and penalties.\n12.\tOffences by bodies corporate.\n13.\tRegulations.\n"}, {"weightindex": 0}]], "name": "laws"}, {"data": [[{"id": 6}, {"lawid": 2}, {"partschedule": ""}, {"title": "3.\tEstablishment and membership of the Advisory Council on Prerogative of Mercy"}, {"body": "(1)\tThere is hereby established for the State an Advisory Council on the Prerogative of Mercy (hereinafter referred to as \"the Council\") which shall consist of\u00e2\u0080\u0094\n\n(a)\tthe Attorney-General, who shall be the Chairman; and\n\n(b)\tnot less than five nor more than seven other members who shall be appointed by the Governor, of whom at least one shall be a person who is a qualified medical practitioner.\n\n(2)\tSubject to subsection (1) (a) of this section, a person shall not be qualified for appointment as a member of the Council if he is a member of the National Assembly, a member of the House of Assembly of the State, a Commissioner of the Government of the State, a Minister of the Federal Government or a Commissioner of another State."}, {"postdate": "2017-06-02 06:33"}, {"updatedate": "2017-06-02 06:33"}, {"part": ""}, {"weightindex": 2}], [{"id": 16}, {"lawid": 4}, {"partschedule": ""}, {"title": "2.\tInterpretation"}, {"body": "In this Law\u00e2\u0080\u0094 \n\"boy scout\" means a boy scout recognised as such under the constitution, by-laws or rules of the Association, and includes also all officers of the Association;\n\"public servant\" has the meaning assigned to that term by section 10 of the Penal\nCode;\n[Cap. P4.]\n\"the Association\" means the Boy Scouts Association incorporated under the Royal Charter granted on the 4th day of January, 1912."}, {"postdate": "2017-06-02 06:33"}, {"updatedate": "2017-06-02 06:33"}, {"part": ""}, {"weightindex": 1}], [{"id": 26}, {"lawid": 6}, {"partschedule": ""}, {"title": "4.\tProcedure for registration"}, {"body": "(1)\tEvery proprietor of a Day Care Centre shall apply in writing to the Commissioner for registration and shall set out in the prescribed form\u00e2\u0080\u0094\n(a)\tthe name and place of business or the proposed name and place of business of the Day Care Centre;\n(b)\tthe name and address of the proprietor, where this is an individual; and in other cases, of each director, partner, trustee or other principal officer of the body (where corporate or unincorporate), as the case may require;\n(c)\tthe nature of services offered or to be offered;\n(d)\tif the business of the Day Care Centre was commenced before the coming into operation of this Law, the date of the commencement of such business; and\n(e)\tsuch other particulars as may be prescribed by the Commissioner.\n(2)\tUpon the receipt of an application under this section, the Commissioner shall cause such inquiries to be made as may assist him in coming to a decision in the particular case.\n(3)\tIf after receipt of particulars in compliance with the foregoing provisions of this section the Commissioner is of the opinion\u00e2\u0080\u0094\n(a)\tthat a Day Care Centre be registered, he shall issue it with a certificate in the prescribed form to that effect with or without conditions;\n(b)\tthat it would be undesirable in the public interest that a registration be effected, he may refuse such registration, and no appeal shall lie from any decision of the Commissioner in any such case.\n(4)\tWhere a certificate is issued subject to conditions, the Day Care Centre shall comply with these conditions.\n(5)\tAny Day Care Centre which fails to comply with any of the conditions of its certificate of registration shall be guilty of an offence and shall be liable upon conviction to a fine of five thousand naira or to a term of imprisonment not exceeding six months and further fine of five hundred naira for each day during which the condition is not complied with."}, {"postdate": "2017-06-02 06:33"}, {"updatedate": "2017-06-02 06:33"}, {"part": ""}, {"weightindex": 3}], [{"id": 36}, {"lawid": 7}, {"partschedule": ""}, {"title": "1.\tShort title"}, {"body": "This Law may be cited as the Ex-Traditional Office Holders Removal Law."}, {"postdate": "2017-06-02 06:33"}, {"updatedate": "2017-06-02 06:33"}, {"part": ""}, {"weightindex": 0}]], "name": "sections"}]