[{"data": [[{"id": 7}, {"title": "CHAPTER E6 - EX-TRADITIONAL OFFICE HOLDERS REMOVAL LAW"}, {"number": "[NN 1963, Cap. 41.]"}, {"date": "1st April, 1934"}, {"description": "A Law to provide for the Removal of Certain Traditional Office Holders who have ceased to hold office from the areas for or in which they were appointed and for the restriction of their movements."}, {"postdate": "2017-06-02 06:33"}, {"updatedate": "2017-06-02 06:33"}, {"cover": "\n ARRANGEMENT OF SECTIONS\nSECTION\n1.\tShort title.\n2.\tOrder for removal of Ex-Traditional Office Holder.\n3.\tAppeal.\n4.\tVariation and rescission of orders.\n5.\tCertificate of Secretary to Council of Chiefs.\n"}, {"weightindex": 0}]], "name": "laws"}, {"data": [[{"id": 7}, {"lawid": 2}, {"partschedule": ""}, {"title": "4.\tTenure of office"}, {"body": "(1)\tA member of the Council appointed by the Governor shall hold office for three years:\n\nProvided that his seat in the Council shall become vacant if\u00e2\u0080\u0094\n\n(a) \tany circumstances arise that, if he were not a member of the Council, would cause him to be disqualified for appointment as such; or\n\n(b) \the is removed from office by the Governor, for inability to discharge the functions of his office (whether arising from infirmity of mind or body or any other cause) or for misbehaviour.\n\n(2)\tAny member, not being a member of the public service of the State, may at any time resign his office by letter addressed to the Governor and such member shall cease to be a member of the Council as from the date of receipt of the letter by the Governor."}, {"postdate": "2017-06-02 06:33"}, {"updatedate": "2017-06-02 06:33"}, {"part": ""}, {"weightindex": 3}], [{"id": 17}, {"lawid": 4}, {"partschedule": ""}, {"title": "3.\tRestriction on use of uniform of Boy Scouts Association"}, {"body": "It shall not be lawful for any person, not being under the by-laws or rules of the Association duly authorised and entitled so to do, publicly to wear, carry or bear any uniform, badge, token or emblem which under the said by-laws or rules is specially adopted for use under the authority of the Association in such style or manner as to convey an impression that such person is under the said by-laws or rules entitled so to wear, carry or bear such uniform, badge, token or emblem."}, {"postdate": "2017-06-02 06:33"}, {"updatedate": "2017-06-02 06:33"}, {"part": ""}, {"weightindex": 2}], [{"id": 27}, {"lawid": 6}, {"partschedule": ""}, {"title": "5.\tName of Day Care Centre to be published"}, {"body": "(1)\tIn every case where the Commissioner issues a certificate of registration to a Day Care Centre, a designated officer shall cause a publication to be made to that effect in the State Gazette.\n(2)\tThe Commissioner shall cause to be prepared and maintained by a designated officer a register of the names and addresses and of such other particulars as may be specified of all Day Care Centres certified in accordance with the provisions of this Law."}, {"postdate": "2017-06-02 06:33"}, {"updatedate": "2017-06-02 06:33"}, {"part": ""}, {"weightindex": 4}], [{"id": 37}, {"lawid": 7}, {"partschedule": ""}, {"title": "2.\tOrder for removal of Ex-Traditional Office Holder"}, {"body": "(1) Where a person has been appointed a district, village or ward head under any written law for the time being in force or who has been appointed a chief or head chief under or whose appointment as a chief or head chief has been approved under the Chiefs (Appointment and Deposition) Law, has ceased to hold office or exercise authority by reason of the termination of his appointment, resignation or otherwise, and the Governor is satisfied that it is necessary for the re-establishment or maintenance of peace, order and good government in the area for or in which he was so appointed or exercised authority that such person should leave such area, the Governor may by any order under his hand direct that such person shall leave such area and such other part of the State adjacent thereto as may be specified in the order within such time as the order may direct, and that he shall not thereafter return to such area or part without the consent of the Governor.\nIf such person should already have left such area or part he shall comply with the remaining terms of the order.\n \t(2) In an order made under subsection (1) the other part of the State adjacent to such area which may be specified in the order shall not comprise more than the following, namely, the local government area containing such area and the adjoining local government areas.\n(3) Penalty for disobedience of order.\u00e2\u0080\u0094If such person shall fail to comply with or contravene any of the provisions of the order he shall be liable to imprisonment for six months, and the Governor may by writing under his hand order him to be removed, either forthwith or on the expiration of any term or imprisonment to which he may have been sentenced as aforesaid, to such part of the State as the Governor may by such order direct.\n(4) An order of removal under subsection (3) may be expressed to be in force for a time to be limited therein or for an unlimited time, and shall have the same force and effect as an order of deportation made by the President under the Criminal Procedure Act and, subject to the provisions of this Law, the provisions of the Criminal Procedure Act with regard to orders of deportation and to offences in relation to such orders shall apply save that any functions of the President in relation to such order and such offences shall be exercisable solely by the Governor."}, {"postdate": "2017-06-02 06:33"}, {"updatedate": "2017-06-02 06:33"}, {"part": ""}, {"weightindex": 1}]], "name": "sections"}]