[{"data": [[{"id": 2}, {"title": "CHAPTER A4 - ADVISORY COUNCIL ON THE PREROGATIVE OF MERCY LAW"}, {"number": "[KWS 9 of 1980, No. 4 of 2006.]"}, {"date": "1st October, 1980"}, {"description": "A Law to establish an Advisory Council on the Prerogative of Mercy."}, {"postdate": "2017-06-02 06:33"}, {"updatedate": "2017-06-02 06:33"}, {"cover": "ARRANGEMENT OF SECTIONS\n\nSECTION\n1.\tShort title.\n2.\tInterpretation.\n3.\tEstablishment and membership of the Advisory Council on Prerogative of Mercy.\n4.\tTenure of office.\n5.\tFunctions of the Council.\n6.\tRemuneration.\n"}, {"weightindex": 0}]], "name": "laws"}, {"data": [[{"id": 2}, {"lawid": 1}, {"partschedule": ""}, {"title": "2.\tIn case of intestacy real estate to be administered as personal estate"}, {"body": "When any person shall die intestate after the commencement of this Law leaving any real property of whatsoever nature of which the intestate might have disposed by will, such real property shall for the purposes of administration be deemed to be part of the personal estate of the said intestate and shall be administered accordingly:\n\nProvided always that the real property, the succession to which cannot by Customary Law be affected by testamentary disposition, shall descend in accordance with the provisions of such Customary Law anything herein contained to the contrary notwithstanding:\n\nProvided also that the real estate shall not be administered unless the administrator shows to the satisfaction of the court that the personal estate is insufficient to pay the intestate's debts and the expenses of his funeral, and of taking out administration."}, {"postdate": "2017-06-02 06:33"}, {"updatedate": "2017-06-02 06:33"}, {"part": ""}, {"weightindex": 1}], [{"id": 12}, {"lawid": 3}, {"partschedule": ""}, {"title": "3.\tApplication of the common law and doctrines of equity"}, {"body": "From and after the commencement of this Law and subject to the provisions of any written law, the common law and the doctrines of equity shall continue to be in force throughout the State."}, {"postdate": "2017-06-02 06:33"}, {"updatedate": "2017-06-02 06:33"}, {"part": ""}, {"weightindex": 2}], [{"id": 22}, {"lawid": 4}, {"partschedule": ""}, {"title": "8.\tPenalties"}, {"body": "Any person contravening any of the provisions of this Law shall be guilty of an offence and shall be liable on summary conviction to a fine of two thousand naira or to imprisonment for three months or to both."}, {"postdate": "2017-06-02 06:33"}, {"updatedate": "2017-06-02 06:33"}, {"part": ""}, {"weightindex": 7}], [{"id": 32}, {"lawid": 6}, {"partschedule": ""}, {"title": "10.\tPower of designated officer to enter premises and obtain information"}, {"body": "(1)\tFor the purpose of this Law, a designated officer\u00e2\u0080\u0094\n\n(a)\tshall have a right of access at any time during normal working hours to a Day Care Centre and to any building or other premises of such Day Care Centre;\n(a)\tmay, by notice in writing serve on any proprietor of a Day Care Centre, require that person to furnish in such form as he may direct information on such matters as may be specified by him.\n(1)\tAny person required to furnish returns pursuant to subsection (1) (b) of this section shall within one month from the date of the notice comply with the notice."}, {"postdate": "2017-06-02 06:33"}, {"updatedate": "2017-06-02 06:33"}, {"part": ""}, {"weightindex": 9}]], "name": "sections"}]