[{"data": [[{"id": 7}, {"title": "CHAPTER D1 - DAY CARE CENTRE (REGISTRATION AND OTHER MISCELLANEOUS PROVISIONS) LAW "}, {"number": "  [KWS 7A of 1985, No. 4 of 2006.] "}, {"date": " [Date of commencement: 20th May, 1985] "}, {"description": " A Law to register and regulate the operations of day care centres in the State. "}, {"postdate": "2017-03-25 11:28"}, {"updatedate": "2017-03-25 11:28"}, {"cover": "\nARRANGEMENT OF SECTIONS\n\nSECTION\n\nL\tShort title.\n2.\tInterpretation.\n3.\tDay Care Centre to register.\n4.\tProcedure for registration.\n5.\tName of Day Care Centre to be published.\n6.\tPower to vary or revoke registration or impose conditions thereon.\n7.\tOpening and closing of branches.\n8.\tCancellation of certificates.\n9.\tPenalties for setting up illegal Day Care Centre, etc.\n10.\tPower of designated officer to enter premises and obtain information\n11.\tOffences and penalties.\n12.\tOffences by bodies corporate.\n13.\tRegulations.\n"}]], "name": "laws"}, {"data": [[{"id": 7}, {"lawid": 1}, {"partschedule": ""}, {"title": "7.\tRight of proving executors to exercise powers"}, {"body": "(1)\tWhere probate is granted to one or some of two or more persons named as executors, whether or not power is reserved to the other or others to prove, all the powers which are by law conferred on the personal representative may be exercised by the proving executor or executors for the time being and shall be as effectual as if all the persons named as executors had concurred therein.\n\n(2)\tThis section applies whether the testator died before or after the commencement of this Law."}, {"postdate": "2017-03-25 10:05"}, {"updatedate": "2017-03-25 10:05"}, {"part": "PART III"}], [{"id": 17}, {"lawid": 1}, {"partschedule": ""}, {"title": "17.\tApplication for grants"}, {"body": "An application for the grant or revocation of probate or administration may be made through the probate registry of the court."}, {"postdate": "2017-03-25 10:05"}, {"updatedate": "2017-03-25 10:05"}, {"part": "PART IV"}], [{"id": 27}, {"lawid": 1}, {"partschedule": ""}, {"title": "27.\tAdministration bonds"}, {"body": "(1)\tEvery person to whom a grant of administration is made shall give a bond (in this section referred to by the name of his office), and, subject to the provisions of this section, if the probate registrar so requires, with one or more sureties, conditioned for duly collecting, getting in, and administering the estate of the deceased.\n\n(2)\tThe probate registrar for the time being shall have power to enforce any administration bond or to assign it in accordance with the provisions of this section to some other person.\n\n(3)\tAn administration bond shall be in such form as may be directed by probate rules and orders.\n\n(4)\tWhere it appears to the satisfaction of the court or a judge that the condition of an administration bond has been broken, the court or judge may, on an application in that behalf, order that the bond shall be assigned to such person as may be specified in the order, and the person to whom the bond is ordered to be assigned shall be entitled (by virtue of the order) to sue thereon in his own name as if it had been originally given to him instead of to the probate registrar, and to recover thereon as trustee for all persons interested the full amount recoverable in respect of the breach of the condition thereof.\n\n(5)\tWithout prejudice to any proceedings instituted before the commencement of this Law, any administration bond given under any enactment in force before the commencement of this Law or which is to be enforceable as if it had been given under any such enactment, may be enforced or assigned as if it had been given to the probate registrar under this section.\n\n(6)\tProbate rules and orders may be made for providing that sureties to administration bonds shall not be required when the grant is made to a trust corporation or to two or more individuals, or in any other proper case.\n\n(7)\tThis section shall not apply where administration is granted to the Administrator-General."}, {"postdate": "2017-03-25 10:05"}, {"updatedate": "2017-03-25 10:05"}, {"part": "PART IV"}], [{"id": 37}, {"lawid": 1}, {"partschedule": ""}, {"title": "37.\tCharges on property of deceased to be paid primarily out of the property charged"}, {"body": "(1)\tWhere a person dies possessed of, or entitled to, or under a general power of appointment by his will, disposes of an interest in property, which at the time of his death is charged with the payment of money, whether by way of mortgage, charge or otherwise (including a lien for unpaid purchase money), and the deceased has not by will, deed or other document signified a contrary or other intention, the interest so charged shall, as between the different persons claiming through the deceased, be primarily liable for the payment of the charge; and every part of the said interest, according to its value, shall bear a proportionate part of the charge on the whole thereof.\n\n(2)\tSuch contrary or other intention shall not be deemed to be signified unless such intention is signified by words expressly or by necessary implication referring to all or some part of the charge.\n\n(3)\tNothing in this section affects the right of a person entitled to the charge to obtain payment or satisfaction thereof either out of the other assets of the deceased or otherwise."}, {"postdate": "2017-03-25 10:05"}, {"updatedate": "2017-03-25 10:05"}, {"part": "PART V"}], [{"id": 47}, {"lawid": 1}, {"partschedule": ""}, {"title": "47.\tSuccession to estate on intestacy"}, {"body": "(1)\tThe residuary estate of an intestate shall be distributed in the manner or be held on the trusts set out in the Second Schedule.\n[Second Schedule.]\n\n(2)\tA husband and wife shall for all purposes of distribution or division under the provisions of the Second Schedule be treated as two persons.\n\n(3)\tWhere the intestate and the intestate's husband or wife have died in circumstances rendering it uncertain which of them survived the other this section and the Schedule thereto shall have effect as respects the intestate as if the husband or wife had not survived the intestate.\n\n(4)\tThe interest on the residuary estate payable to a surviving spouse under this section and the Schedule thereto shall be primarily payable out of income."}, {"postdate": "2017-03-25 10:05"}, {"updatedate": "2017-03-25 10:05"}, {"part": "PART VI"}], [{"id": 57}, {"lawid": 1}, {"partschedule": ""}, {"title": "57.\tPower to make rules"}, {"body": "(1)\tRules of Court may be made for giving effect to the provisions of this Law.\n\n(2)\tRules of Court made under the High Court Law, with respect to the grant of probate or administration or the administration of estates, shall, in so far as they are not inconsistent with this Law, have effect as if made under this section and may be amended or revoked accordingly."}, {"postdate": "2017-03-25 10:05"}, {"updatedate": "2017-03-25 10:05"}, {"part": "PART VII"}], [{"id": 67}, {"lawid": 2}, {"partschedule": ""}, {"title": "7.\tFunctions of court as to Adoption Order"}, {"body": "(1)\tBefore making an Adoption Order the court shall be satisfied that\u0097\n\n(a)\tevery consent required under section 6 of this Law which has not been dispensed with has been obtained, and that every person who has given his consent understands the nature and effect of the Adoption Order for which the application is made;\n\n(b)\tthe Order, if made, will be for the welfare of the juvenile, due consideration for this purpose being given to the wishes of the juvenile having regard to his age and understanding; and\n\n(c)\tthe applicant has not received or agreed to receive, and no person has made or given or agreed to make or give to the applicant any payment or other reward in consideration of the adoption other than what the court may approve.\n\n(2)\tThe court may impose in an Adoption Order such terms and conditions as the court may think fit, and in particular, may require the adopter by bond or otherwise to make for the juvenile such provision as, in the opinion of the court, is just and expedient."}, {"postdate": "2017-03-25 10:05"}, {"updatedate": "2017-03-25 10:05"}, {"part": ""}], [{"id": 77}, {"lawid": 2}, {"partschedule": ""}, {"title": "17.\tEffect of adoption on maintenance orders"}, {"body": "Where at the time when an Adoption Order is made in respect of a juvenile an order requiring a person to contribute towards the maintenance of that juvenile under the Children and Young Persons Law is in force the last-mentioned order shall cease to have effect at that time."}, {"postdate": "2017-03-25 10:05"}, {"updatedate": "2017-03-25 10:05"}, {"part": ""}], [{"id": 87}, {"lawid": 3}, {"partschedule": ""}, {"title": "2.\tInterpretation"}, {"body": "In this Law, unless the context otherwise requires\u0097\n\"Board\" means the Board of Internal Revenue established by this Law; \n\"Chairman\" means the Chairman of the Board;\n \n\n\"Commissioner\" means the State Commissioner charged with the responsibility for matters relating to finance;\n\"Commission\" means the State Civil Service Commission;\n\"enactments\" means the enactments referred to in section 4;\n\"Governor\" means the Governor of the State;\n\"members\" means the Chairman or any other member of the Board; and \n\"State\" means Kwara State of Nigeria."}, {"postdate": "2017-03-25 10:05"}, {"updatedate": "2017-03-25 10:05"}, {"part": ""}], [{"id": 97}, {"lawid": 3}, {"partschedule": ""}, {"title": "12.\tSecretary and other officers of the Board"}, {"body": "(1)\tThere shall be appointed by the Commission, a Secretary for the Board, who shall be a member of the civil service of the State and who shall have such qualifications and experience as are appropriate for a person required to perform the functions of his office by virtue of this Law.\n(2)\tThe Secretary shall perform such duties as may from time to time be assigned to him by the Chairman.\n(3)\tThe Commission may at the request of the Board, appoint for the Board, other persons who shall be members of the State civil service to be officers and servants of the Board.\n(4)\tThe remunerations and tenure of office of the Secretary and other officers and servants of the Board shall be determined by the Commission after consultation with the Commissioner."}, {"postdate": "2017-03-25 10:05"}, {"updatedate": "2017-03-25 10:05"}, {"part": ""}], [{"id": 107}, {"lawid": 5}, {"partschedule": ""}, {"title": "2.\tInterpretation"}, {"body": "In this Law\u0097\n\n\"common law and the doctrines of equity\" means the principles of common law and the doctrines of equity as they obtain and are being developed in Nigeria;\n\n\"Imperial Act\" means any statute enacted by the Parliament of England, the Parliament of Great Britain, the Parliament of the United Kingdom of Great Britain and Ireland or the Parliament of the United Kingdom of Great Britain and Northern Ireland."}, {"postdate": "2017-03-25 11:28"}, {"updatedate": "2017-03-25 11:28"}, {"part": ""}], [{"id": 117}, {"lawid": 6}, {"partschedule": ""}, {"title": "7.\tNo person falsely to claim connection with the Boy Scouts Association"}, {"body": "It shall not be lawful for any person to form, organise or work in connection with, or be concerned in forming, organising or work in connection with any corps or body which without due authority granted under the Royal Charter of the Association claim or purport to be boy scouts or otherwise to be connected with the Association or which hold themselves out as, or pass themselves off as, boy scouts or as otherwise connected with the Association."}, {"postdate": "2017-03-25 11:28"}, {"updatedate": "2017-03-25 11:28"}, {"part": ""}], [{"id": 127}, {"lawid": 7}, {"partschedule": ""}, {"title": "9.\tPenalties for setting up illegal Day Care Centre, etc."}, {"body": "Any person who sets up any Day Care Centre or, as the case may be, runs any Day Care Centre in the State otherwise than in compliance with the provisions of this Law shall be guilty of an offence and shall be liable on conviction to a fine of fifty thousand naira or to imprisonment for two years or to both such fine and imprisonment."}, {"postdate": "2017-03-25 11:28"}, {"updatedate": "2017-03-25 11:28"}, {"part": ""}]], "name": "sections"}]