[{"data": [[{"id": 6}, {"title": " CHAPTER B3 - BOY SCOUTS ASSOCIATION LAW "}, {"number": " [NN 1963, Cap. 16. No. 4 of 2006.J "}, {"date": "[Date of commencement: 27th July, 1922] "}, {"description": " A Law to further and protect the activities and interests of the Boy Scouts Association. "}, {"postdate": "2017-03-25 11:28"}, {"updatedate": "2017-03-25 11:28"}, {"cover": "\nARRANGEMENT OF SECTIONS\n\nSECTION\n1.\tShort title.\n2.\tInterpretation.\n3.\tRestriction on use of uniform of Boy Scouts Association.\n4.\tRestriction on sale of boy scouts uniform and emblems.\n5.\tProhibition on sale of articles resembling boy scouts uniform and emblems.\n6.\tPersonation by boy scouts of public servant.\n7.\tNo person falsely to claim connection with the Boy Scouts Association.\n8.\tPenalties.\n"}]], "name": "laws"}, {"data": [[{"id": 6}, {"lawid": 1}, {"partschedule": ""}, {"title": "6.\tExecutor of executor represents original testator"}, {"body": "An executor of a sole or last surviving executor of a testator is the executor of that testator.\n \n(2)\tThis provision shall not apply to an executor who does not prove the will of his testator, and, in the case of an executor who on his death leaves surviving him some other executor of his testator who afterwards proves the will of the testator, it shall cease to apply on such probate being granted.\n\n(3)\tSo long as the chain of such representation is unbroken, the last executor in the chain is the executor of every preceding testator.\n\n(4)\tThe chain of such representation is broken by\u0097\n\n(a)\tan intestacy; or\n\n(b)\tthe failure of a testator to appoint an executor; or\n\n(c)\tthe failure to obtain probate of a will,\n\nbut is not broken by a temporary grant of administration if probate is subsequently granted.\n\n(5)\tEvery person in the chain of representation to a testator\u0097\n\n(a)\thas the same rights in respect of the estate of that testator as the original executor would have had if living; and\n\n(b)\tis to the extent to which the estate of that testator has come to his hands, answerable as if he were an original executor."}, {"postdate": "2017-03-25 10:05"}, {"updatedate": "2017-03-25 10:05"}, {"part": "PART III"}], [{"id": 16}, {"lawid": 1}, {"partschedule": ""}, {"title": "16.\tLiability of estate of personal representative"}, {"body": "Where a person as personal representative of a deceased person (including an executor in his own wrong) wastes or converts to his own use any part of the estate of the deceased, and dies, his personal representative shall, to the extent of the available assets of the defaulter, be liable and chargeable in respect of such waste or conversion in the same manner as the defaulter would have been if living."}, {"postdate": "2017-03-25 10:05"}, {"updatedate": "2017-03-25 10:05"}, {"part": "PART III"}], [{"id": 26}, {"lawid": 1}, {"partschedule": ""}, {"title": "26.NO HEADING"}, {"body": "Administration with the will annexed shall be granted by the court where no executor has been appointed under a will or where the appointment of a sole executor fails for one of the following reasons:\n\n(a)\twhere the executor has died without proving the will;\n\n(b)\twhere the executor has renounced probate;\n\n(c)\twhere the executor has failed to appear to a citation to accept or refuse probate;\n\n(d)\twhere the executor is not sui juris or is under a disability.\n\n(2)\tNotwithstanding the provisions of subsection (1) of this section, the court may grant administration with the will annexed in special circumstances under the power contained in section 22 of this Law."}, {"postdate": "2017-03-25 10:05"}, {"updatedate": "2017-03-25 10:05"}, {"part": "PART IV"}], [{"id": 36}, {"lawid": 1}, {"partschedule": ""}, {"title": "36.\tRetainer preference and the payment of debts by personal representatives"}, {"body": "(1)\tThe right of retainer of personal representative and his right to prefer creditors are hereby abolished.\n\n(2)\tNotwithstanding the provisions of subsection (1) of this section a personal representative\u0097\n\n(a)\twho, in good faith and at a time when he has no reason to believe that the deceased's estate is insolvent, pays the debt of any person (including himself) who is a creditor of the estate; or\n\n(b)\tto whom letters of administration had been granted solely by reason of his being a creditor and who, in good faith and at such a time pays the debt of another person who is a creditor of the estate,\n\nshall not, if it subsequently appears that the estate is insolvent, be liable to account to a creditor of the same degree as the paid creditor for the sum so paid."}, {"postdate": "2017-03-25 10:05"}, {"updatedate": "2017-03-25 10:05"}, {"part": "PART V"}], [{"id": 46}, {"lawid": 1}, {"partschedule": ""}, {"title": "46.\tAbolition of descent to heir, courtesy, dower and escheat"}, {"body": "(1)\tWith regard to the estate of every person dying after the commencement of this Law, there shall be abolished:\n\n(a)\tall existing modes, rules and canons of descent, and of devolution by special occupancy or otherwise, whether operating by the general law or otherwise; and\n\n(b)\ttenancy by the courtesy and every other interest of a husband in land as to which his wife dies intestate, whether arising under the general law or otherwise; and\n\n(c)\tdower and every other interest of a wife in land as to which her husband dies intestate, whether arising under the general law or otherwise; and\n\n(d)\tescheat to the State for want of heirs."}, {"postdate": "2017-03-25 10:05"}, {"updatedate": "2017-03-25 10:05"}, {"part": "PART VI"}], [{"id": 56}, {"lawid": 1}, {"partschedule": ""}, {"title": "56.\tApplication to State"}, {"body": "The provisions of this Law shall bind the State as respects the estates of persons dying after the commencement of this Law."}, {"postdate": "2017-03-25 10:05"}, {"updatedate": "2017-03-25 10:05"}, {"part": "PART VII"}], [{"id": 66}, {"lawid": 2}, {"partschedule": ""}, {"title": "6.\tConsents to adoption"}, {"body": "(1)\tWhere a married man or woman is the sole applicant for an Adoption Order, the court may, if it thinks fit, refuse to make the Order unless the consent of the wife or husband, as the case may be, to the making of the Order is first obtained.\n\n(2)\tWhere it appears to the court that any person, other than the father or mother or relative of a juvenile has any right or obligations in respect of that juvenile under any order of court or any agreement or under customary law, the court may, if it thinks fit, refuse to make the Adoption Order unless the consent of that person is first obtained.\n\n(3)\tIt shall be the duty of the Probation Officer on any application for an Adoption Order in respect of a juvenile to prepare a report to assist the court in determining whether any person who is not a parent or relative of the juvenile has any rights or obligations in respect of that juvenile and whether the consent of any such person ought first to be obtained.\n \n(4)\tAny consent under this section may be given either\u0097\n\n(a)\tunconditionally; or\n(b)\tsubject to conditions with respect to the religious persuasion in which the juvenile is to be brought up.\n\n(5)\tIn giving any consent under subsection (4) of this section, it shall not be necessary for the person giving the consent to know the identity of the applicant for the Adoption Order; and where consent so given by anyone is subsequently withdrawn on the ground only that he does not know the identity of the applicant, the consent shall be treated for the purposes of this section as having been unreasonably withheld.\n\n(6)\tThe court may dispense with any consent required under this section if it is satisfied that the person whose consent would have been required\u0097\n\n(a)\thas abandoned, neglected or persistently ill-treated the child; or\n\n(b)\tcannot be found or is incapable of giving his consent or is withholding his consent unreasonably.\n\n(7)\tWhere the juvenile to be adopted is ten years and above, such order shall not be made unless the voluntary consent of the juvenile is also obtained."}, {"postdate": "2017-03-25 10:05"}, {"updatedate": "2017-03-25 10:05"}, {"part": ""}], [{"id": 76}, {"lawid": 2}, {"partschedule": ""}, {"title": "16.\tConstruction of settlements and wills"}, {"body": "In any disposition of property made after the date of an Adoption Order any reference (whether express or implied) to\u0097\n\n(a)\tthe child or children of the adopter shall, unless the contrary intention appears, be construed as including a reference to the adopted person;\n\n(b)\ta person related to the adopted person in any degree shall, unless the contrary intention appears, be construed as a reference to the person who would be related to him in that degree if he were the child of the adopter born in lawful marriage and were not the child of any other person."}, {"postdate": "2017-03-25 10:05"}, {"updatedate": "2017-03-25 10:05"}, {"part": ""}], [{"id": 86}, {"lawid": 3}, {"partschedule": ""}, {"title": "1.\tShort title"}, {"body": "This Law may be cited as the Board of Internal Revenue Law, 1984, and shall come into force on the 6th June, 1984."}, {"postdate": "2017-03-25 10:05"}, {"updatedate": "2017-03-25 10:05"}, {"part": ""}], [{"id": 96}, {"lawid": 3}, {"partschedule": ""}, {"title": "11.\tSignification and execution of powers of Board"}, {"body": "Anything required to be done by the Board under this Law, in relation to its powers and duties, may be signified under the hand of the Chairman or in his absence or incapacity the Deputy Chairman."}, {"postdate": "2017-03-25 10:05"}, {"updatedate": "2017-03-25 10:05"}, {"part": ""}], [{"id": 106}, {"lawid": 5}, {"partschedule": ""}, {"title": "1.\tShort title"}, {"body": "This Law may be cited as the Applicable Laws (Miscellaneous Provisions) Law, 1991."}, {"postdate": "2017-03-25 11:28"}, {"updatedate": "2017-03-25 11:28"}, {"part": ""}], [{"id": 116}, {"lawid": 6}, {"partschedule": ""}, {"title": "6.\tPersonation by boy scouts of public servant"}, {"body": "It shall not be lawful for any boy scout, not being otherwise thereunto lawfully entitled and authorised, to pretend to be, or to pass himself off as, or to arrogate to himself the authority, position or powers of, or to claim to be or to act as a public servant."}, {"postdate": "2017-03-25 11:28"}, {"updatedate": "2017-03-25 11:28"}, {"part": ""}], [{"id": 126}, {"lawid": 7}, {"partschedule": ""}, {"title": "8.\tCancellation of certificates"}, {"body": "(1)\tThe Commissioner may by order published in the State Gazette cancel any certificate of registration\u0097\n(a)\tif the holder thereof ceases to carry on in the State the kind of business for which the certificate was issued or if the Day Care Centre goes into liquidation or is wound up or otherwise ceases to function as a Day Care Centre;\n(b)\tif the holder thereof fails to fulfil any conditions prescribed under this Law.\n(2)\tWhere the Commissioner proposes to cancel any certificate of registration pursuant to subsection (1) of this section, he shall before such cancellation give notice of his intention to the proprietor of the Day Care Centre concerned and shall give him an opportunity to make representations and to submit reasons why the certificate of registration should not be cancelled."}, {"postdate": "2017-03-25 11:28"}, {"updatedate": "2017-03-25 11:28"}, {"part": ""}]], "name": "sections"}]