[{"data": {}, "name": "laws"}, {"data": [[{"id": 9}, {"lawid": 1}, {"partschedule": ""}, {"title": "9.NO HEADING"}, {"body": "Where administration has been granted in respect of any estate of a deceased person, no person shall have power to bring any action or otherwise act as executor of the deceased person in respect of the estate comprised in or affected by the grant until the grant has been recalled or revoked."}, {"postdate": "2017-03-25 10:05"}, {"updatedate": "2017-03-25 10:05"}, {"part": "PART III"}], [{"id": 19}, {"lawid": 1}, {"partschedule": ""}, {"title": "19.\tSummons of executor to prove or renounce"}, {"body": "The court shall have power to summon any person named as executor in a will to prove or renounce probate of the will and to do such other things concerning the will as were customary before the commencement of this Law."}, {"postdate": "2017-03-25 10:05"}, {"updatedate": "2017-03-25 10:05"}, {"part": "PART IV"}], [{"id": 29}, {"lawid": 1}, {"partschedule": ""}, {"title": "29.\tPlaces for deposit of original wills and other documents"}, {"body": "All original wills or other documents which are under the control of the court shall be deposited and preserved in such place as the Chief Judge may direct and any wills or other documents so deposited shall, subject to the control of the court and the provisions of probate rules and orders, be open to inspection."}, {"postdate": "2017-03-25 10:05"}, {"updatedate": "2017-03-25 10:05"}, {"part": "PART IV"}], [{"id": 39}, {"lawid": 1}, {"partschedule": ""}, {"title": "39.\tValidity of transfer not affected by revocation of representation"}, {"body": "(1)\tAll transfers of any interest in property made to a purchaser either before or after the commencement of this Law by a person to whom probate or letters of administration have been granted are valid, notwithstanding any subsequent revocation or variation, either before or after the commencement of this Law, of the probate or administration.\n\n(2)\tThis section takes effect without prejudice to any order of the court made before the commencement of this Law, and applies whether the testator or intestate died before or after such commencement."}, {"postdate": "2017-03-25 10:05"}, {"updatedate": "2017-03-25 10:05"}, {"part": "PART V"}], [{"id": 49}, {"lawid": 1}, {"partschedule": ""}, {"title": "49.\tRight of surviving spouse in the matrimonial home"}, {"body": "(1)\tIn any case where it is shown that the residuary estate of the intestate comprises an interest in a dwelling house in which the surviving spouse was resident at the time of the intestate's death and that the eviction of the spouse would entail or has entailed serious hardship, the court may, on application made to it within twelve months of the taking out of representation, order that the surviving spouse be allowed to remain in residence in the dwelling house, subject to any limitation which the court may impose, having regard to the rights of all the parties.\n\n(2)\tSubsection (1) of this section shall not apply to\u0097\n\n(a)\ta tenancy which at the date of the death of the intestate was a tenancy which would determine within the period of one year from that date; or\n\n(b)\ta tenancy which the landlord by notice given after that date could determine within the remainder of that period.\n\n(3)\tAny order made under this section shall be revoked\u0097\n\n(a)\ton the remarriage or death of the surviving spouse, whichever occurs first; or\n\n(b)\ton the application of any beneficiary to the estate of the intestate where it is shown that the financial position of the surviving spouse is such that no hardship would be suffered by the said spouse if such order is revoked.\n\n(4)\tUpon the revocation of any order made in pursuance to subsection (3) of this section the interest, if any, in the dwelling house shall be distributed as part of the residuary estate of the intestate in accordance with the provisions of section 47 of this Law.\n\n(5)\tIn this section \"dwelling house\" shall include any building or part thereof which is occupied as a dwelling, and any yard, garden or out-house occupied therewith."}, {"postdate": "2017-03-25 10:05"}, {"updatedate": "2017-03-25 10:05"}, {"part": "PART VI"}], [{"id": 59}, {"lawid": 1}, {"partschedule": ""}, {"title": "59.\tRepeal of NN 1963, Cap. 1"}, {"body": "The Administration (Real Estate) Law is hereby repealed:\n\nProvided that where any estate is, at the commencement of this Law, being administered in accordance with the provisions of the Law herein repealed, that estate shall, notwithstanding the provisions of this Law, continue to be administered in accordance with the provisions of that Law."}, {"postdate": "2017-03-25 10:05"}, {"updatedate": "2017-03-25 10:05"}, {"part": "PART VII"}], [{"id": 69}, {"lawid": 2}, {"partschedule": ""}, {"title": "9.\tApplication by a person who is not a citizen of Nigeria"}, {"body": "Where the applicant for an Adoption Order, or in the case of a joint application, one of the applicants is not a citizen of Nigeria, the court shall in the exercise of its powers under section 8 of this Law postpone the determination of the application for a period of not less than six months and make an interim order in respect of the period."}, {"postdate": "2017-03-25 10:05"}, {"updatedate": "2017-03-25 10:05"}, {"part": ""}], [{"id": 79}, {"lawid": 2}, {"partschedule": ""}, {"title": "19.\tProhibition of certain payments"}, {"body": "(1)\tIt shall not be lawful for an adopter or any other person to receive or agree to receive any payment or reward, except with the sanction of the court, in consideration for the adoption of a juvenile under this Law or for the facilitation of the arrangement thereof, or for any person to make or give or agree to make or give to an adopter any payment the receipt of which is prohibited by this subsection.\n\n(2)\tAny person who contravenes the provisions of subsection (1) of this section shall be guilty of an offence and shall be liable on conviction to a fine not exceeding two thousand naira or to imprisonment for a term not exceeding six months or to both such fine and imprisonment."}, {"postdate": "2017-03-25 10:05"}, {"updatedate": "2017-03-25 10:05"}, {"part": ""}], [{"id": 89}, {"lawid": 3}, {"partschedule": ""}, {"title": "4.\tDuties of the Board"}, {"body": "The Board is charged with the following responsibilities: \n(a)    the due administration of\u0097\n(i)\tthe Personal Tax Act;\n(ii)\tthe Stamp Duties Act;\n(iii)\tthe Liquor (Licensing) Law;\n(iv)\tthe Purchase Tax Law; and\n(v)\tsuch other enactments on tax as may from time to time be enacted or applicable in the State.\n(b)\tto assess, collect and account for all taxes accruing or due under the enactments;\n(c)\tto formulate and execute, where necessary, proposals for the expansion and increase of the internal revenue of the State;\n(d)\tand to do all such things as may be deemed necessary or expedient for the assessment and collection of such taxes."}, {"postdate": "2017-03-25 10:05"}, {"updatedate": "2017-03-25 10:05"}, {"part": ""}], [{"id": 99}, {"lawid": 3}, {"partschedule": ""}, {"title": "14.\tQuorum"}, {"body": "Five members of the Board, one of whom shall be the Chairman or the Deputy Chairman, of the Board shall form a quorum at a meeting of the Board."}, {"postdate": "2017-03-25 10:05"}, {"updatedate": "2017-03-25 10:05"}, {"part": ""}], [{"id": 109}, {"lawid": 5}, {"partschedule": ""}, {"title": "4.\tImperial Acts not to be applicable"}, {"body": "(1)\tSubject to the provisions of this Law, no Imperial Act hitherto in force in, and within the legislative competence of, the State shall have any force or effect in the State.\n\n(2)\tSubject to the express provisions of any written law, subsection (1) shall not\u0097\n\n(a)\trevive anything not in force or existing at the commencement of this Law; or\n\n(b)\taffect the previous operation of any Imperial Act to which this section applies or anything duly done or suffered under any such Act; or\n\n(c)\taffect any right, privilege, obligation or liability accrued or incurred under any such Act; or\n\n(d)\taffect any penalty, forfeiture or punishment incurred in respect of any offence committed against any such Act; or\n\n(e)\taffect any investigation, legal proceeding or remedy in respect of any such right, privilege, obligation, liability, penalty, forfeiture or punishment as aforesaid; and any such investigation, legal proceeding or remedy may be instituted, continued or enforced and any such penalty, forfeiture or punishment may be imposed as if this Law had not been passed."}, {"postdate": "2017-03-25 11:28"}, {"updatedate": "2017-03-25 11:28"}, {"part": ""}], [{"id": 119}, {"lawid": 7}, {"partschedule": ""}, {"title": "1.\tShort title"}, {"body": "This Law may be cited as the Day Care Centre (Registration and Other Miscellaneous Provisions) Law."}, {"postdate": "2017-03-25 11:28"}, {"updatedate": "2017-03-25 11:28"}, {"part": ""}], [{"id": 129}, {"lawid": 7}, {"partschedule": ""}, {"title": "11.\tOffences and penalties"}, {"body": "(1) If any person required to furnish returns pursuant to section 10 (1) (b) of this Law fails to furnish those returns as required under this Law, he shall be guilty of an offence and liable on conviction to a fine of five thousand naira or to imprisonment for 6 months or to both such fine and imprisonment.\n                             [No. 4 of 2006.]\n (2)\tAny person who for the purpose of obtaining a certificate of registration for a Day Care Centre or of complying with any of the provisions of this Law (including purported compliance with a requirement to furnish returns as aforesaid) presents any instrument or makes any statement whether or not in the returns which is false in a material particular, shall be guilty of an offence and liable on conviction to a fine of twenty thousand naira or to imprisonment for two years or to both such fine and imprisonment.\n                          [No. 4 of 2006.]\n(3)\tAny person who wilfully obstructs, interferes with, assaults or resists any designated officer in the execution of his duties under this Law or who aids, invites, induces or abets any other person to obstruct, interfere with, assault or resist any such officer in the execution of his duties shall be guilty of an offence and liable on conviction to a fine of five thousand naira or to imprisonment for six months or to both such fine and imprisonment."}, {"postdate": "2017-03-25 11:28"}, {"updatedate": "2017-03-25 11:28"}, {"part": ""}]], "name": "sections"}]