[{"data": [[{"id": 5}, {"title": "CHAPTER C5 - CENTRAL-WEST (CHANGE OF NAME - CONSEQUENTIAL PROVISIONS) LAW"}, {"number": "[KWS 6 of 1968.]"}, {"date": "16th February, 1968"}, {"description": ""}, {"postdate": "2017-06-02 06:33"}, {"updatedate": "2017-06-02 06:33"}, {"cover": ""}, {"weightindex": 0}]], "name": "laws"}, {"data": [[{"id": 5}, {"lawid": 2}, {"partschedule": ""}, {"title": "2.\tInterpretation"}, {"body": "In this Law, unless the context otherwise requires\u00e2\u0080\u0094\n\n\"the Attorney-General\" means the Attorney-General and Commissioner for Justice of the State;\n\n\"the Council\" means the Advisory Council on the Prerogative of Mercy established pursuant to section 3 of this Law;\n\n\"the Governor\" means the Governor of Kwara State of Nigeria; and\n\n\"the State\" means Kwara State of Nigeria."}, {"postdate": "2017-06-02 06:33"}, {"updatedate": "2017-06-02 06:33"}, {"part": ""}, {"weightindex": 1}], [{"id": 15}, {"lawid": 4}, {"partschedule": ""}, {"title": "1.\tShort title"}, {"body": "This Law may be cited as the Boy Scouts Association Law."}, {"postdate": "2017-06-02 06:33"}, {"updatedate": "2017-06-02 06:33"}, {"part": ""}, {"weightindex": 0}], [{"id": 25}, {"lawid": 6}, {"partschedule": ""}, {"title": "3.\tDay Care Centre to register"}, {"body": "(1)\tIf any person is desirous of establishing a Day Care Centre of which he is or proposes to be the proprietor he, the proprietor concerned, shall apply for registration of the Day Care Centre in accordance with the provisions of this Law.\n(2)\tWhere on the coming into operation of this Law any Day Care Centre is being run, the proprietor thereof may apply within three months thereafter to be registered but shall cease to carry on such business in the State after the expiration of six months from the coming into force of this Law, unless prior to the expiration of the said period, such Day Care Centre is registered to continue its business in accordance with the provisions of this Law."}, {"postdate": "2017-06-02 06:33"}, {"updatedate": "2017-06-02 06:33"}, {"part": ""}, {"weightindex": 2}], [{"id": 35}, {"lawid": 6}, {"partschedule": ""}, {"title": "13.\tRegulations"}, {"body": "The Commissioner may, with the approval of the Governor, make regulations generally for the purposes of this Law and, without prejudice to the generality of the power hereby conferred, such regulations may\u00e2\u0080\u0094\n(a)\tprescribe the forms to be used for the purposes of this Law;\n(a)\tprescribe the fees to be paid for application and registration under this Law;\n(a)\tprescribe or contain such administrative or procedural provisions as appear to him necessary or expedient in order to facilitate the operation of this Law."}, {"postdate": "2017-06-02 06:33"}, {"updatedate": "2017-06-02 06:33"}, {"part": ""}, {"weightindex": 12}]], "name": "sections"}]