[{"data": [[{"id": 5}, {"title": "CHAPTER A7 - APPLICABLE LAWS (MISCELLANEOUS PROVISIONS) LAW"}, {"number": "[KWS 17 of 1991.]"}, {"date": "[Date of commencement: 15th August, 1991]"}, {"description": " A Law to make provision in relation to the application within the State of the common law and the doctrines of equity and to make inapplicable certain imperial Acts. "}, {"postdate": "2017-03-25 11:28"}, {"updatedate": "2017-03-25 11:28"}, {"cover": "\nARRANGEMENT OF SECTIONS\n\nSECTION\n1.\tShort title.\n2.\tInterpretation.\n3.\tApplication of the common law and doctrines of equity.\n4.\tImperial Acts not to be applicable.\n5.\tSaving as to Islamic law, customary law, area courts and customary courts.\n_______________________"}]], "name": "laws"}, {"data": [[{"id": 5}, {"lawid": 1}, {"partschedule": ""}, {"title": "5.\tWithdrawal of renunciation"}, {"body": "(1)\tWhere an executor who has renounced probate has been permitted, whether before or after the commencement of this Law, to withdraw the renunciation and prove the will, the probate shall take effect and be deemed always to have taken effect without prejudice to the previous acts and dealings of and notices to any other personal representative who has previously proved the will or taken out letters of administration, and a memorandum of the subsequent probate shall be endorsed on the original probate or letters of administration.\n\n(2)\tThis section applies whether the testator died before or after the commencement of this Law."}, {"postdate": "2017-03-25 10:05"}, {"updatedate": "2017-03-25 10:05"}, {"part": "PART III"}], [{"id": 15}, {"lawid": 1}, {"partschedule": ""}, {"title": "15.\tLiability of person fraudulently obtaining or retaining estate of deceased"}, {"body": "If any person, in defrauding of creditors or without full valuable consideration, obtains, receives or holds any estate or part thereof of a deceased person or effects the release of any debt or liability due to the estate of the deceased, he shall be charged as executor in his own wrong to the extent of the estate received or coming to his hands, or the debt or liability released, after deducting\u0097\n\n(a)\tany debt for valuable consideration and without fraud due to him from a deceased person at the time of his death; and\n\n(b)\tany payment made to him which might properly be made by a personal representative."}, {"postdate": "2017-03-25 10:05"}, {"updatedate": "2017-03-25 10:05"}, {"part": "PART III"}], [{"id": 25}, {"lawid": 1}, {"partschedule": ""}, {"title": "25.\tAdministration during minority of executor"}, {"body": "(1)\tWhere an infant is sole executor of a will, administration with the will annexed shall be granted to his guardian, or to such other person as the court thinks fit, until the infant attains the age of eighteen years, and on his attaining that age and not before probate of the will may be granted to him.\n\n(2)\tWhere a testator by his will appoints an infant to be an executor the appointment shall not operate to transfer any interest in the property of the deceased to the infant, or to constitute him a personal representative for any purpose unless and until probate is granted to him under this section."}, {"postdate": "2017-03-25 10:05"}, {"updatedate": "2017-03-25 10:05"}, {"part": "PART IV"}], [{"id": 35}, {"lawid": 1}, {"partschedule": ""}, {"title": "35.\tAdministration of assets"}, {"body": "(1)\tWhere the estate of a deceased person is insolvent, it shall be administered in accordance with the Rules set out in Part I of the First Schedule to this Law.\n\n\n\n(2)\tWhere the estate of a deceased person is solvent his estate shall, subject to Rules of Court and the provisions hereinafter contained as to charges on property of the deceased, and to the provisions, if any, contained in his will, be applicable towards the discharge of the funeral, testamentary and administration expenses, debts and liabilities payable thereout in the order mentioned in Part II of the First Schedule to this Law."}, {"postdate": "2017-03-25 10:05"}, {"updatedate": "2017-03-25 10:05"}, {"part": "PART V"}], [{"id": 45}, {"lawid": 1}, {"partschedule": ""}, {"title": "45.\tPower to postpone distribution"}, {"body": "Subject to the foregoing provisions of this Law a personal representative is not bound to distribute the estate of the deceased before the expiration of one year from the death."}, {"postdate": "2017-03-25 10:05"}, {"updatedate": "2017-03-25 10:05"}, {"part": "PART V"}], [{"id": 55}, {"lawid": 1}, {"partschedule": ""}, {"title": "55.\tSaving as to power of court"}, {"body": "Nothing in this Law shall derogate from the powers of the court which exist independently of this Law."}, {"postdate": "2017-03-25 10:05"}, {"updatedate": "2017-03-25 10:05"}, {"part": "PART VII"}], [{"id": 65}, {"lawid": 2}, {"partschedule": ""}, {"title": "5.\tRestriction on the making of Adoption Orders"}, {"body": "(1)\tAn Adoption Order shall not be made in respect of a juvenile unless\u0097\n\n(a)\tthe applicant or, in the case of joint applicants, one of them is not less than twenty-five years old and is at least twenty-one years older than the juvenile;\n\n(b)\tthe applicant and the juvenile are resident in the State;\n\n(c)\tthe juvenile has been in the care of the applicant for a period of at least three consecutive months immediately preceding the date on which the Order is made; and\n\n(d)\tthe applicant has at least three months before the making of the Order informed the Probation Officer of his intention to adopt the juvenile.\n\n(2)\tAn Adoption Order shall not be made in respect of a female juvenile where the sole applicant is a male unless there are exceptional circumstances which in the view of the court justify the making of such an Order."}, {"postdate": "2017-03-25 10:05"}, {"updatedate": "2017-03-25 10:05"}, {"part": ""}], [{"id": 75}, {"lawid": 2}, {"partschedule": ""}, {"title": "15.\tIntestacy"}, {"body": "For the purpose of the devolution of property on the intestacy of an adopter, an adopted person shall be treated as the lawful child of the adopter and not as the child of any other person."}, {"postdate": "2017-03-25 10:05"}, {"updatedate": "2017-03-25 10:05"}, {"part": ""}], [{"id": 85}, {"lawid": 2}, {"partschedule": ""}, {"title": "25.\tVisit to adopted person by Social Welfare Officer"}, {"body": "(1)\tIt shall be the duty of the Chief Social Welfare Officer of the State to keep himself informed from time to time of the condition and welfare of such person adopted under this Law and for that purpose, the Chief Social Welfare Officer of the State shall arrange for officers of his Division to do all or any of the following things, that is to say\u0097\n\n(a)\tto pay periodical visits at reasonable time to each person adopted under this Law until such person attains the age of eighteen years;\n\n(b)\tto enter any premises for the purpose of ascertaining whether there is any contravention by any person of any condition or of any provision of this Law,\n\nand during any visits under this section, the officer conducting the visit may require the production of the adopted person or that information be given regarding the condition of such person.\n\n(2)\tA person who\u0097\n\n(a)\twithout reasonable excuse fails to comply with a requirement imposed by a Social Welfare Officer; or\n\n(b)\tobstructs a Social Welfare Officer in the exercise of the powers conferred by this section,\n\nshall be guilty of an offence and be liable on conviction to a fine not exceeding two thousand naira or imprisonment not exceeding six months or to both such fine and imprisonment.\n\n\n______________________\n\n\n\n\n\nAdopted Children Register"}, {"postdate": "2017-03-25 10:05"}, {"updatedate": "2017-03-25 10:05"}, {"part": ""}], [{"id": 95}, {"lawid": 3}, {"partschedule": ""}, {"title": "10.\tExecution of documents"}, {"body": "(1) Any contract or instrument which if entered into or executed by a person not being a body corporate would not be required to be under seal may be entered into or executed on behalf of the Board by any person.\n(2)\tThe affixing of the seal of the Board shall be authenticated by the signature of the Chairman or in his absence, by the Deputy Chairman, or some other member authorised generally or specifically by the Board to act for the purpose.\n(3)\tAny document purporting to be a document duly executed under the seal of the Board shall be received in evidence and shall, until the contrary is proved, be deemed to be so executed."}, {"postdate": "2017-03-25 10:05"}, {"updatedate": "2017-03-25 10:05"}, {"part": ""}], [{"id": 105}, {"lawid": 4}, {"partschedule": ""}, {"title": "5.\tAppeal from sentence of Borstal training"}, {"body": "The provisions of any law or enactment relating to appeals from sentences generally of a court shall apply in respect of sentences of Borstal training passed by the court under the provisions of this Law as they apply to other sentences passed by the court."}, {"postdate": "2017-03-25 10:05"}, {"updatedate": "2017-03-25 10:05"}, {"part": ""}], [{"id": 115}, {"lawid": 6}, {"partschedule": ""}, {"title": "5.\tProhibition on sale of articles resembling boy scouts uniform and emblems"}, {"body": "No person may sell or attempt to sell or offer for sale or hire or attempt to hire any article which so closely resembles any uniform, badge, token or emblem which under the by-laws of the Association has been adopted for use by a boy scout, as in the opinion of the court may make a person believe that such article is such a uniform, badge, token or emblem."}, {"postdate": "2017-03-25 11:28"}, {"updatedate": "2017-03-25 11:28"}, {"part": ""}], [{"id": 125}, {"lawid": 7}, {"partschedule": ""}, {"title": "7.    Opening and closing of branches"}, {"body": "Every proprietor of a Day Centre shall inform the Commissioner of\u0097\n(a)    any proposal to open or close branches thereof anywhere in the State;\n(b)\tany proposed agreement or arrangement for any sale or disposal of its business by amalgamation or otherwise;\n(c)\tany proposal for re-organisation,\nand the Commissioner may take such decision as he thinks appropriate in the circumstances."}, {"postdate": "2017-03-25 11:28"}, {"updatedate": "2017-03-25 11:28"}, {"part": ""}]], "name": "sections"}]