[{"data": [[{"id": 3}, {"title": "CHAPTER A7 - APPLICABLE LAWS (MISCELLANEOUS PROVISIONS) LAW"}, {"number": "[KWS 17 of 1991.]"}, {"date": "15th August, 1991"}, {"description": "A Law to make provision in relation to the application within the State of the common law and the doctrines of equity and to make inapplicable certain imperial Acts."}, {"postdate": "2017-06-02 06:33"}, {"updatedate": "2017-06-02 06:33"}, {"cover": "\nARRANGEMENT OF SECTIONS\n\nSECTION\n1.\tShort title.\n2.\tInterpretation.\n3.\tApplication of the common law and doctrines of equity.\n4.\tImperial Acts not to be applicable.\n5.\tSaving as to Islamic law, customary law, area courts and customary courts.\n_______________________"}, {"weightindex": 0}]], "name": "laws"}, {"data": [[{"id": 3}, {"lawid": 1}, {"partschedule": ""}, {"title": "3.\tIn granting administration court to have regard to heir-at-law"}, {"body": "When a person dies intestate possessed of real estate, the court shall, in granting letters of administration, have regard to the rights and interests of persons interested in his real estate, and his heir-at-law if not one of the next-of-kin, shall be equally entitled to rank with the next-of-kin."}, {"postdate": "2017-06-02 06:33"}, {"updatedate": "2017-06-02 06:33"}, {"part": ""}, {"weightindex": 2}], [{"id": 13}, {"lawid": 3}, {"partschedule": ""}, {"title": "4.\tImperial Acts not to be applicable"}, {"body": "(1)\tSubject to the provisions of this Law, no Imperial Act hitherto in force in, and within the legislative competence of, the State shall have any force or effect in the State.\n\n(2)\tSubject to the express provisions of any written law, subsection (1) shall not\u00e2\u0080\u0094\n\n(a)\trevive anything not in force or existing at the commencement of this Law; or\n\n(b)\taffect the previous operation of any Imperial Act to which this section applies or anything duly done or suffered under any such Act; or\n\n(c)\taffect any right, privilege, obligation or liability accrued or incurred under any such Act; or\n\n(d)\taffect any penalty, forfeiture or punishment incurred in respect of any offence committed against any such Act; or\n\n(e)\taffect any investigation, legal proceeding or remedy in respect of any such right, privilege, obligation, liability, penalty, forfeiture or punishment as aforesaid; and any such investigation, legal proceeding or remedy may be instituted, continued or enforced and any such penalty, forfeiture or punishment may be imposed as if this Law had not been passed."}, {"postdate": "2017-06-02 06:33"}, {"updatedate": "2017-06-02 06:33"}, {"part": ""}, {"weightindex": 3}], [{"id": 23}, {"lawid": 6}, {"partschedule": ""}, {"title": "1.\tShort title"}, {"body": "This Law may be cited as the Day Care Centre (Registration and Other Miscellaneous Provisions) Law."}, {"postdate": "2017-06-02 06:33"}, {"updatedate": "2017-06-02 06:33"}, {"part": ""}, {"weightindex": 0}], [{"id": 33}, {"lawid": 6}, {"partschedule": ""}, {"title": "11.\tOffences and penalties"}, {"body": "(1) If any person required to furnish returns pursuant to section 10 (1) (b) of this Law fails to furnish those returns as required under this Law, he shall be guilty of an offence and liable on conviction to a fine of five thousand naira or to imprisonment for 6 months or to both such fine and imprisonment.\n                             [No. 4 of 2006.]\n (2)\tAny person who for the purpose of obtaining a certificate of registration for a Day Care Centre or of complying with any of the provisions of this Law (including purported compliance with a requirement to furnish returns as aforesaid) presents any instrument or makes any statement whether or not in the returns which is false in a material particular, shall be guilty of an offence and liable on conviction to a fine of twenty thousand naira or to imprisonment for two years or to both such fine and imprisonment.\n                          [No. 4 of 2006.]\n(3)\tAny person who wilfully obstructs, interferes with, assaults or resists any designated officer in the execution of his duties under this Law or who aids, invites, induces or abets any other person to obstruct, interfere with, assault or resist any such officer in the execution of his duties shall be guilty of an offence and liable on conviction to a fine of five thousand naira or to imprisonment for six months or to both such fine and imprisonment."}, {"postdate": "2017-06-02 06:33"}, {"updatedate": "2017-06-02 06:33"}, {"part": ""}, {"weightindex": 10}]], "name": "sections"}]