[{"data": {}, "name": "laws"}, {"data": [[{"id": 10}, {"lawid": 3}, {"partschedule": ""}, {"title": "1.\tShort title"}, {"body": "This Law may be cited as the Applicable Laws (Miscellaneous Provisions) Law, 1991."}, {"postdate": "2017-06-02 06:33"}, {"updatedate": "2017-06-02 06:33"}, {"part": ""}, {"weightindex": 0}], [{"id": 20}, {"lawid": 4}, {"partschedule": ""}, {"title": "6.\tPersonation by boy scouts of public servant"}, {"body": "It shall not be lawful for any boy scout, not being otherwise thereunto lawfully entitled and authorised, to pretend to be, or to pass himself off as, or to arrogate to himself the authority, position or powers of, or to claim to be or to act as a public servant."}, {"postdate": "2017-06-02 06:33"}, {"updatedate": "2017-06-02 06:33"}, {"part": ""}, {"weightindex": 5}], [{"id": 30}, {"lawid": 6}, {"partschedule": ""}, {"title": "8.\tCancellation of certificates"}, {"body": "(1)\tThe Commissioner may by order published in the State Gazette cancel any certificate of registration\u00e2\u0080\u0094\n(a)\tif the holder thereof ceases to carry on in the State the kind of business for which the certificate was issued or if the Day Care Centre goes into liquidation or is wound up or otherwise ceases to function as a Day Care Centre;\n(b)\tif the holder thereof fails to fulfil any conditions prescribed under this Law.\n(2)\tWhere the Commissioner proposes to cancel any certificate of registration pursuant to subsection (1) of this section, he shall before such cancellation give notice of his intention to the proprietor of the Day Care Centre concerned and shall give him an opportunity to make representations and to submit reasons why the certificate of registration should not be cancelled."}, {"postdate": "2017-06-02 06:33"}, {"updatedate": "2017-06-02 06:33"}, {"part": ""}, {"weightindex": 7}], [{"id": 40}, {"lawid": 7}, {"partschedule": ""}, {"title": "5.\tCertificate of Secretary to Council of Chiefs"}, {"body": "The Secretary to the Council of Chiefs may by a certificate under his hand state that the provisions of section 2 or 4 have been complied with in the case of a particular person who has ceased to hold office as a chief or head chief after having been appointed as such under or whose appointment as such had been approved under the Chiefs (Appointment and Deposition) Law."}, {"postdate": "2017-06-02 06:33"}, {"updatedate": "2017-06-02 06:33"}, {"part": ""}, {"weightindex": 4}]], "name": "sections"}]